,PersonID,SeriousDlqin2yrs,RevolvingUtilizationOfUnsecuredLines,age,zipcode,NumberOfTime30-59DaysPastDueNotWorse,DebtRatio,MonthlyIncome,NumberOfOpenCreditLinesAndLoans,NumberOfTimes90DaysLate,NumberRealEstateLoansOrLines,NumberOfTime60-89DaysPastDueNotWorse,NumberOfDependents
count,41016.0,41016.0,41016.0,41016.0,41016.0,41016.0,41016.0,33042.0,41016.0,41016.0,41016.0,41016.0,39979.0
mean,115800.15459820558,0.1614004291008387,6.375870039495252,51.68348937000195,60623.82416617905,0.5892334698654184,331.4581372604704,6578.995732703832,8.403476692022625,0.41959235420323776,1.0088014433391848,0.3715866978740004,0.7732309462467796
std,28112.723511357854,0.36790437698840156,221.6189498263965,14.746879787420045,11.984357196780497,5.205627646870722,1296.109694711468,13446.825929586095,5.207323925074562,5.190382087047167,1.1538255878748547,5.169641137933087,1.1212690481416232
min,22.0,0.0,0.0,21.0,60601.0,0.0,0.0,0.0,0.0,0.0,0.0,0.0,0.0
25%,106539.75,0.0,0.03431009775,41.0,60618.0,0.0,0.17637526375,3333.0,5.0,0.0,0.0,0.0,0.0
50%,119901.5,0.0,0.18973027800000003,51.0,60625.0,0.0,0.36973568049999994,5250.0,8.0,0.0,1.0,0.0,0.0
75%,134698.25,0.0,0.66715967,62.0,60629.0,0.0,0.8664706257500001,8055.75,11.0,0.0,2.0,0.0,1.0
max,149999.0,1.0,22000.0,109.0,60644.0,98.0,106885.0,1794060.0,56.0,98.0,32.0,98.0,13.0
